<?xml version="1.0" encoding="UTF-8"?>
<project-private xmlns="http://www.netbeans.org/ns/project-private/1">
    <editor-bookmarks xmlns="http://www.netbeans.org/ns/editor-bookmarks/2" lastBookmarkId="0"/>
    <open-files xmlns="http://www.netbeans.org/ns/projectui-open-files/2">
        <group>
            <file>file:/Users/ouutsuyuki/Desktop/AER201/Microcontroller/sorting_states_2.X/operation.c</file>
            <file>file:/Users/ouutsuyuki/Desktop/AER201/Microcontroller/sorting_states_2.X/main.c</file>
            <file>file:/Users/ouutsuyuki/Desktop/AER201/Microcontroller/sorting_states_2.X/top_rocker_fsm.c</file>
            <file>file:/Users/ouutsuyuki/Desktop/AER201/Microcontroller/sorting_states_2.X/bottom_rocker_fsm.c</file>
            <file>file:/Users/ouutsuyuki/Desktop/AER201/Microcontroller/sorting_states_2.X/bottom_distribution_fsm.c</file>
            <file>file:/Users/ouutsuyuki/Desktop/AER201/Microcontroller/sorting_states_2.X/top_distribution_fsm.c</file>
        </group>
    </open-files>
</project-private>
